-- phpMyAdmin SQL Dump
-- version 5.2.1
-- https://www.phpmyadmin.net/
--
-- Host: 127.0.0.1
-- Erstellungszeit: 18. Okt 2024 um 11:19
-- Server-Version: 10.4.32-MariaDB
-- PHP-Version: 8.2.12

SET SQL_MODE = "NO_AUTO_VALUE_ON_ZERO";
START TRANSACTION;
SET time_zone = "+00:00";


/*!40101 SET @OLD_CHARACTER_SET_CLIENT=@@CHARACTER_SET_CLIENT */;
/*!40101 SET @OLD_CHARACTER_SET_RESULTS=@@CHARACTER_SET_RESULTS */;
/*!40101 SET @OLD_COLLATION_CONNECTION=@@COLLATION_CONNECTION */;
/*!40101 SET NAMES utf8mb4 */;

--
-- Datenbank: `itl12_dbtesting`
--

-- --------------------------------------------------------

--
-- Tabellenstruktur für Tabelle `bonus`
--

CREATE TABLE `bonus` (
  `ENAME` varchar(10) DEFAULT NULL,
  `JOB` varchar(9) DEFAULT NULL,
  `SAL` decimal(10,2) DEFAULT NULL,
  `COMM` decimal(10,2) DEFAULT NULL
) ENGINE=InnoDB DEFAULT CHARSET=utf8mb4 COLLATE=utf8mb4_general_ci;

-- --------------------------------------------------------

--
-- Tabellenstruktur für Tabelle `dept`
--

CREATE TABLE `dept` (
  `DEPTNO` int(11) NOT NULL,
  `DNAME` varchar(14) DEFAULT NULL,
  `LOC` varchar(13) DEFAULT NULL
) ENGINE=InnoDB DEFAULT CHARSET=utf8mb4 COLLATE=utf8mb4_general_ci;

--
-- Daten für Tabelle `dept`
--

INSERT INTO `dept` (`DEPTNO`, `DNAME`, `LOC`) VALUES
(10, 'ACCOUNTING', 'NEW YORK'),
(20, 'RESEARCH', 'DALLAS'),
(30, 'SALES', 'CHICAGO'),
(40, 'OPERATIONS', 'BOSTON');

-- --------------------------------------------------------

--
-- Tabellenstruktur für Tabelle `emp`
--

CREATE TABLE `emp` (
  `EMPNO` int(11) NOT NULL,
  `ENAME` varchar(10) DEFAULT NULL,
  `JOB` varchar(9) DEFAULT NULL,
  `MGR` int(11) DEFAULT NULL,
  `HIREDATE` date DEFAULT NULL,
  `SAL` decimal(7,2) DEFAULT NULL,
  `COMM` decimal(7,2) DEFAULT NULL,
  `DEPTNO` int(11) DEFAULT NULL
) ENGINE=InnoDB DEFAULT CHARSET=utf8mb4 COLLATE=utf8mb4_general_ci;

--
-- Daten für Tabelle `emp`
--

INSERT INTO `emp` (`EMPNO`, `ENAME`, `JOB`, `MGR`, `HIREDATE`, `SAL`, `COMM`, `DEPTNO`) VALUES
(7369, 'SMITH', 'CLERK', 7902, '1980-12-17', 800.00, NULL, 20),
(7499, 'ALLEN', 'SALESMAN', 7698, '1981-02-20', 1600.00, 300.00, 30),
(7521, 'WARD', 'SALESMAN', 7698, '1981-02-22', 1250.00, 500.00, 30),
(7566, 'JONES', 'MANAGER', 7839, '1981-04-02', 2975.00, NULL, 20),
(7654, 'MARTIN', 'SALESMAN', 7698, '1981-09-28', 1250.00, 1400.00, 30),
(7698, 'BLAKE', 'MANAGER', 7839, '1981-05-01', 2850.00, NULL, 30),
(7782, 'CLARK', 'MANAGER', 7839, '1981-06-09', 2450.00, NULL, 10),
(7788, 'SCOTT', 'ANALYST', 7566, '1987-04-19', 3000.00, NULL, 20),
(7839, 'KING', 'PRESIDENT', NULL, '1981-11-17', 5000.00, NULL, 10),
(7844, 'TURNER', 'SALESMAN', 7698, '1981-09-08', 1500.00, 0.00, 30),
(7876, 'ADAMS', 'CLERK', 7788, '1987-05-23', 1100.00, NULL, 20),
(7900, 'JAMES', 'CLERK', 7698, '1981-12-03', 950.00, NULL, 30),
(7902, 'FORD', 'ANALYST', 7566, '1981-12-03', 3000.00, NULL, 20),
(7934, 'MILLER', 'CLERK', 7782, '1982-01-23', 1300.00, NULL, 10);

-- --------------------------------------------------------

--
-- Tabellenstruktur für Tabelle `salgrade`
--

CREATE TABLE `salgrade` (
  `GRADE` int(11) DEFAULT NULL,
  `LOSAL` int(11) DEFAULT NULL,
  `HISAL` int(11) DEFAULT NULL
) ENGINE=InnoDB DEFAULT CHARSET=utf8mb4 COLLATE=utf8mb4_general_ci;

--
-- Daten für Tabelle `salgrade`
--

INSERT INTO `salgrade` (`GRADE`, `LOSAL`, `HISAL`) VALUES
(1, 700, 1200),
(2, 1201, 1400),
(3, 1401, 2000),
(4, 2001, 3000),
(5, 3001, 9999);

--
-- Indizes der exportierten Tabellen
--

--
-- Indizes für die Tabelle `dept`
--
ALTER TABLE `dept`
  ADD PRIMARY KEY (`DEPTNO`);

--
-- Indizes für die Tabelle `emp`
--
ALTER TABLE `emp`
  ADD PRIMARY KEY (`EMPNO`),
  ADD KEY `DEPTNO` (`DEPTNO`);

--
-- Constraints der exportierten Tabellen
--

--
-- Constraints der Tabelle `emp`
--
ALTER TABLE `emp`
  ADD CONSTRAINT `emp_ibfk_1` FOREIGN KEY (`DEPTNO`) REFERENCES `dept` (`DEPTNO`);
COMMIT;

/*!40101 SET CHARACTER_SET_CLIENT=@OLD_CHARACTER_SET_CLIENT */;
/*!40101 SET CHARACTER_SET_RESULTS=@OLD_CHARACTER_SET_RESULTS */;
/*!40101 SET COLLATION_CONNECTION=@OLD_COLLATION_CONNECTION */;
